commit_order,commit,short_commit,commit_time,subject,directory,config,workload,slice,checkpoint,weight,instructions,cycles,ipc,source
1,a355c5525a87981a89f50020ef4ddba8a29884df,a355c5525,2026-09-01T10:50:50+08:00,chore(docker): remove LC_ALL ENV (#6446),cr260901-a355c5525-DefaultConfig,DefaultConfig,mcf,mcf_6753_0.218742,6753,0.218742,40000004,65874404,0.607216,/nfs/home/cirunner/perf-report/cr260901-a355c5525-DefaultConfig/mcf_6753_0.218742/simulator_out.txt
1,a355c5525a87981a89f50020ef4ddba8a29884df,a355c5525,2026-09-01T10:50:50+08:00,chore(docker): remove LC_ALL ENV (#6446),cr260901-a355c5525-DefaultConfig,DefaultConfig,mcf,mcf_12886_0.149435,12886,0.149435,40000000,50601625,0.790488,/nfs/home/cirunner/perf-report/cr260901-a355c5525-DefaultConfig/mcf_12886_0.149435/simulator_out.txt
1,a355c5525a87981a89f50020ef4ddba8a29884df,a355c5525,2026-09-01T10:50:50+08:00,chore(docker): remove LC_ALL ENV (#6446),cr260901-a355c5525-DefaultConfig,DefaultConfig,mcf,mcf_11326_0.14473,11326,0.14473,40000000,27504686,1.454298,/nfs/home/cirunner/perf-report/cr260901-a355c5525-DefaultConfig/mcf_11326_0.14473/simulator_out.txt
1,a355c5525a87981a89f50020ef4ddba8a29884df,a355c5525,2026-09-01T10:50:50+08:00,chore(docker): remove LC_ALL ENV (#6446),cr260901-a355c5525-DefaultConfig,DefaultConfig,mcf,mcf_5365_0.097943,5365,0.097943,40000000,27868717,1.435301,/nfs/home/cirunner/perf-report/cr260901-a355c5525-DefaultConfig/mcf_5365_0.097943/simulator_out.txt
1,a355c5525a87981a89f50020ef4ddba8a29884df,a355c5525,2026-09-01T10:50:50+08:00,chore(docker): remove LC_ALL ENV (#6446),cr260901-a355c5525-DefaultConfig,DefaultConfig,mcf,mcf_9639_0.0953213,9639,0.0953213,40000000,66140582,0.604772,/nfs/home/cirunner/perf-report/cr260901-a355c5525-DefaultConfig/mcf_9639_0.0953213/simulator_out.txt
2,017a698e051a699f6afb87b8ee310feeb1c0f52c,017a698e0,2026-09-04T16:48:37+08:00,timing(MemBlock): fix timing path of bitmap & LRQ,cr260904-017a698e0-DefaultConfig,DefaultConfig,mcf,mcf_6753_0.218742,6753,0.218742,40000004,63159742,0.633315,/nfs/home/cirunner/perf-report/cr260904-017a698e0-DefaultConfig/mcf_6753_0.218742/simulator_out.txt
2,017a698e051a699f6afb87b8ee310feeb1c0f52c,017a698e0,2026-09-04T16:48:37+08:00,timing(MemBlock): fix timing path of bitmap & LRQ,cr260904-017a698e0-DefaultConfig,DefaultConfig,mcf,mcf_12886_0.149435,12886,0.149435,40000000,50110058,0.798243,/nfs/home/cirunner/perf-report/cr260904-017a698e0-DefaultConfig/mcf_12886_0.149435/simulator_out.txt
2,017a698e051a699f6afb87b8ee310feeb1c0f52c,017a698e0,2026-09-04T16:48:37+08:00,timing(MemBlock): fix timing path of bitmap & LRQ,cr260904-017a698e0-DefaultConfig,DefaultConfig,mcf,mcf_11326_0.14473,11326,0.14473,40000000,26884424,1.48785,/nfs/home/cirunner/perf-report/cr260904-017a698e0-DefaultConfig/mcf_11326_0.14473/simulator_out.txt
2,017a698e051a699f6afb87b8ee310feeb1c0f52c,017a698e0,2026-09-04T16:48:37+08:00,timing(MemBlock): fix timing path of bitmap & LRQ,cr260904-017a698e0-DefaultConfig,DefaultConfig,mcf,mcf_5365_0.097943,5365,0.097943,40000000,27109242,1.475512,/nfs/home/cirunner/perf-report/cr260904-017a698e0-DefaultConfig/mcf_5365_0.097943/simulator_out.txt
2,017a698e051a699f6afb87b8ee310feeb1c0f52c,017a698e0,2026-09-04T16:48:37+08:00,timing(MemBlock): fix timing path of bitmap & LRQ,cr260904-017a698e0-DefaultConfig,DefaultConfig,mcf,mcf_9639_0.0953213,9639,0.0953213,40000002,63270713,0.632204,/nfs/home/cirunner/perf-report/cr260904-017a698e0-DefaultConfig/mcf_9639_0.0953213/simulator_out.txt
3,df157ddd3d6c85be858c20b23ddcf3cd70b74466,df157ddd3,2026-09-07T10:34:20+08:00,perf(rename): balance free-list refills across banks,cr260907-df157ddd3-DefaultConfig,DefaultConfig,mcf,mcf_6753_0.218742,6753,0.218742,40000004,63412283,0.630793,/nfs/home/cirunner/perf-report/cr260907-df157ddd3-DefaultConfig/mcf_6753_0.218742/simulator_out.txt
3,df157ddd3d6c85be858c20b23ddcf3cd70b74466,df157ddd3,2026-09-07T10:34:20+08:00,perf(rename): balance free-list refills across banks,cr260907-df157ddd3-DefaultConfig,DefaultConfig,mcf,mcf_12886_0.149435,12886,0.149435,40000000,50014081,0.799775,/nfs/home/cirunner/perf-report/cr260907-df157ddd3-DefaultConfig/mcf_12886_0.149435/simulator_out.txt
3,df157ddd3d6c85be858c20b23ddcf3cd70b74466,df157ddd3,2026-09-07T10:34:20+08:00,perf(rename): balance free-list refills across banks,cr260907-df157ddd3-DefaultConfig,DefaultConfig,mcf,mcf_11326_0.14473,11326,0.14473,40000000,26943057,1.484613,/nfs/home/cirunner/perf-report/cr260907-df157ddd3-DefaultConfig/mcf_11326_0.14473/simulator_out.txt
3,df157ddd3d6c85be858c20b23ddcf3cd70b74466,df157ddd3,2026-09-07T10:34:20+08:00,perf(rename): balance free-list refills across banks,cr260907-df157ddd3-DefaultConfig,DefaultConfig,mcf,mcf_5365_0.097943,5365,0.097943,40000000,27229154,1.469014,/nfs/home/cirunner/perf-report/cr260907-df157ddd3-DefaultConfig/mcf_5365_0.097943/simulator_out.txt
3,df157ddd3d6c85be858c20b23ddcf3cd70b74466,df157ddd3,2026-09-07T10:34:20+08:00,perf(rename): balance free-list refills across banks,cr260907-df157ddd3-DefaultConfig,DefaultConfig,mcf,mcf_9639_0.0953213,9639,0.0953213,40000000,63325220,0.63166,/nfs/home/cirunner/perf-report/cr260907-df157ddd3-DefaultConfig/mcf_9639_0.0953213/simulator_out.txt
4,50b9c33875ff2aaa60778a426efbe26fab1ce414,50b9c3387,2026-09-10T08:29:34+08:00,tmp,cr260910-50b9c3387-DefaultConfig,DefaultConfig,mcf,mcf_6753_0.218742,6753,0.218742,40000004,63412283,0.630793,/nfs/home/cirunner/perf-report/cr260910-50b9c3387-DefaultConfig/mcf_6753_0.218742/simulator_out.txt
4,50b9c33875ff2aaa60778a426efbe26fab1ce414,50b9c3387,2026-09-10T08:29:34+08:00,tmp,cr260910-50b9c3387-DefaultConfig,DefaultConfig,mcf,mcf_12886_0.149435,12886,0.149435,40000000,50014081,0.799775,/nfs/home/cirunner/perf-report/cr260910-50b9c3387-DefaultConfig/mcf_12886_0.149435/simulator_out.txt
4,50b9c33875ff2aaa60778a426efbe26fab1ce414,50b9c3387,2026-09-10T08:29:34+08:00,tmp,cr260910-50b9c3387-DefaultConfig,DefaultConfig,mcf,mcf_11326_0.14473,11326,0.14473,40000000,26943057,1.484613,/nfs/home/cirunner/perf-report/cr260910-50b9c3387-DefaultConfig/mcf_11326_0.14473/simulator_out.txt
4,50b9c33875ff2aaa60778a426efbe26fab1ce414,50b9c3387,2026-09-10T08:29:34+08:00,tmp,cr260910-50b9c3387-DefaultConfig,DefaultConfig,mcf,mcf_5365_0.097943,5365,0.097943,40000000,27229154,1.469014,/nfs/home/cirunner/perf-report/cr260910-50b9c3387-DefaultConfig/mcf_5365_0.097943/simulator_out.txt
4,50b9c33875ff2aaa60778a426efbe26fab1ce414,50b9c3387,2026-09-10T08:29:34+08:00,tmp,cr260910-50b9c3387-DefaultConfig,DefaultConfig,mcf,mcf_9639_0.0953213,9639,0.0953213,40000000,63325220,0.63166,/nfs/home/cirunner/perf-report/cr260910-50b9c3387-DefaultConfig/mcf_9639_0.0953213/simulator_out.txt
5,151e605936055bc7f333a74c85939212e6f60149,151e60593,2026-09-13T15:59:17+08:00,"fix(unaling, lsu): fix stuck in cross-16B",cr260913-151e60593-DefaultConfig,DefaultConfig,mcf,mcf_6753_0.218742,6753,0.218742,40000004,63363038,0.631283,/nfs/home/cirunner/perf-report/cr260913-151e60593-DefaultConfig/mcf_6753_0.218742/simulator_out.txt
5,151e605936055bc7f333a74c85939212e6f60149,151e60593,2026-09-13T15:59:17+08:00,"fix(unaling, lsu): fix stuck in cross-16B",cr260913-151e60593-DefaultConfig,DefaultConfig,mcf,mcf_12886_0.149435,12886,0.149435,40000000,50015511,0.799752,/nfs/home/cirunner/perf-report/cr260913-151e60593-DefaultConfig/mcf_12886_0.149435/simulator_out.txt
5,151e605936055bc7f333a74c85939212e6f60149,151e60593,2026-09-13T15:59:17+08:00,"fix(unaling, lsu): fix stuck in cross-16B",cr260913-151e60593-DefaultConfig,DefaultConfig,mcf,mcf_11326_0.14473,11326,0.14473,40000000,26886612,1.487729,/nfs/home/cirunner/perf-report/cr260913-151e60593-DefaultConfig/mcf_11326_0.14473/simulator_out.txt
5,151e605936055bc7f333a74c85939212e6f60149,151e60593,2026-09-13T15:59:17+08:00,"fix(unaling, lsu): fix stuck in cross-16B",cr260913-151e60593-DefaultConfig,DefaultConfig,mcf,mcf_5365_0.097943,5365,0.097943,40000000,27076638,1.477288,/nfs/home/cirunner/perf-report/cr260913-151e60593-DefaultConfig/mcf_5365_0.097943/simulator_out.txt
5,151e605936055bc7f333a74c85939212e6f60149,151e60593,2026-09-13T15:59:17+08:00,"fix(unaling, lsu): fix stuck in cross-16B",cr260913-151e60593-DefaultConfig,DefaultConfig,mcf,mcf_9639_0.0953213,9639,0.0953213,40000002,63309918,0.631813,/nfs/home/cirunner/perf-report/cr260913-151e60593-DefaultConfig/mcf_9639_0.0953213/simulator_out.txt
6,b625e1616471d5b76f39af8c932fd700ee4945a7,b625e1616,2026-09-16T09:23:02+08:00,perf(rename): preserve freelist s1 candidates across recovery,cr260916-b625e1616-DefaultConfig,DefaultConfig,mcf,mcf_6753_0.218742,6753,0.218742,40000004,63309329,0.631818,/nfs/home/cirunner/perf-report/cr260916-b625e1616-DefaultConfig/mcf_6753_0.218742/simulator_out.txt
6,b625e1616471d5b76f39af8c932fd700ee4945a7,b625e1616,2026-09-16T09:23:02+08:00,perf(rename): preserve freelist s1 candidates across recovery,cr260916-b625e1616-DefaultConfig,DefaultConfig,mcf,mcf_12886_0.149435,12886,0.149435,40000000,50143751,0.797707,/nfs/home/cirunner/perf-report/cr260916-b625e1616-DefaultConfig/mcf_12886_0.149435/simulator_out.txt
6,b625e1616471d5b76f39af8c932fd700ee4945a7,b625e1616,2026-09-16T09:23:02+08:00,perf(rename): preserve freelist s1 candidates across recovery,cr260916-b625e1616-DefaultConfig,DefaultConfig,mcf,mcf_11326_0.14473,11326,0.14473,40000000,26886561,1.487732,/nfs/home/cirunner/perf-report/cr260916-b625e1616-DefaultConfig/mcf_11326_0.14473/simulator_out.txt
6,b625e1616471d5b76f39af8c932fd700ee4945a7,b625e1616,2026-09-16T09:23:02+08:00,perf(rename): preserve freelist s1 candidates across recovery,cr260916-b625e1616-DefaultConfig,DefaultConfig,mcf,mcf_5365_0.097943,5365,0.097943,40000000,27211311,1.469977,/nfs/home/cirunner/perf-report/cr260916-b625e1616-DefaultConfig/mcf_5365_0.097943/simulator_out.txt
6,b625e1616471d5b76f39af8c932fd700ee4945a7,b625e1616,2026-09-16T09:23:02+08:00,perf(rename): preserve freelist s1 candidates across recovery,cr260916-b625e1616-DefaultConfig,DefaultConfig,mcf,mcf_9639_0.0953213,9639,0.0953213,40000000,63304403,0.631868,/nfs/home/cirunner/perf-report/cr260916-b625e1616-DefaultConfig/mcf_9639_0.0953213/simulator_out.txt
7,575aef18194691aa31575cb544c1610e5e91faa8,575aef181,2026-09-18T22:42:30+08:00,perf(rename): interleave ranked bank candidates in free-list refill,cr260918-575aef181-DefaultConfig,DefaultConfig,mcf,mcf_6753_0.218742,6753,0.218742,40000004,63158036,0.633332,/nfs/home/cirunner/perf-report/cr260918-575aef181-DefaultConfig/mcf_6753_0.218742/simulator_out.txt
7,575aef18194691aa31575cb544c1610e5e91faa8,575aef181,2026-09-18T22:42:30+08:00,perf(rename): interleave ranked bank candidates in free-list refill,cr260918-575aef181-DefaultConfig,DefaultConfig,mcf,mcf_12886_0.149435,12886,0.149435,40000000,50212354,0.796617,/nfs/home/cirunner/perf-report/cr260918-575aef181-DefaultConfig/mcf_12886_0.149435/simulator_out.txt
7,575aef18194691aa31575cb544c1610e5e91faa8,575aef181,2026-09-18T22:42:30+08:00,perf(rename): interleave ranked bank candidates in free-list refill,cr260918-575aef181-DefaultConfig,DefaultConfig,mcf,mcf_11326_0.14473,11326,0.14473,40000000,26880454,1.48807,/nfs/home/cirunner/perf-report/cr260918-575aef181-DefaultConfig/mcf_11326_0.14473/simulator_out.txt
7,575aef18194691aa31575cb544c1610e5e91faa8,575aef181,2026-09-18T22:42:30+08:00,perf(rename): interleave ranked bank candidates in free-list refill,cr260918-575aef181-DefaultConfig,DefaultConfig,mcf,mcf_5365_0.097943,5365,0.097943,40000000,27195258,1.470845,/nfs/home/cirunner/perf-report/cr260918-575aef181-DefaultConfig/mcf_5365_0.097943/simulator_out.txt
7,575aef18194691aa31575cb544c1610e5e91faa8,575aef181,2026-09-18T22:42:30+08:00,perf(rename): interleave ranked bank candidates in free-list refill,cr260918-575aef181-DefaultConfig,DefaultConfig,mcf,mcf_9639_0.0953213,9639,0.0953213,40000000,63530752,0.629616,/nfs/home/cirunner/perf-report/cr260918-575aef181-DefaultConfig/mcf_9639_0.0953213/simulator_out.txt
